[{"username":"asda3","password":"A2T+0K1dBys6W9uCGfAkSA==","phoneNumber":"1233212222","email":"asda3@gmail.com","accountBalance":0.0},{"username":"Asda3","password":"/Lqd6SPWg/FR8luHuF4nkA==","phoneNumber":"12332109783","email":"asda3@gmail.com","accountBalance":0.0},{"username":"Squir3","password":"m9TCNn0ngqVNGkcoTHTpCA==","phoneNumber":"123321222","email":"SquireKnight@gmail.com","accountBalance":0.0},{"username":"Asda4","password":"7rryy70h/eWeDfVyDFxa3Q==","phoneNumber":"123321222","email":"asda4@example.com","accountBalance":0.0},{"username":"NashSmith","password":"h2Cb/Xb5Z3W0O9OWn2Rrgw==","phoneNumber":"01275481937","email":"nashsmith404@gmail.com","accountBalance":880000.0},{"username":"Farlan McBalls","password":"test","phoneNumber":"0198724893187","email":"farlanmcballsy@example.com","accountBalance":0.0},{"username":"leopard2a7","password":"gdH3aOphqEP2Rk7edL1Iqw==","phoneNumber":"12355555","email":"asdf@gmail.com","accountBalance":817500.0},{"username":"Telon Mas","password":"p7+hNVC0M715p2/t9ckICw==","phoneNumber":"1235434","email":"telonmasasli@gmail.com","accountBalance":2000000.0},{"username":"KarpetMerah","password":"p7eWu6NlD+E0dAM/tgWTaQ==","phoneNumber":"1234562","email":"redcarpet@gmail.com","accountBalance":1950000.0},{"username":"GoodSMile","password":"B22iaxplnqWIu46pqh70CA==","phoneNumber":"08187326356862","email":"gsmileracing@gmail.com","accountBalance":0.0}]